{
  "version": 1,
  "width": 80,
  "height": 24,
  "duration": 28.314235,
  "command": null,
  "title": null,
  "env": {
    "TERM": "xterm",
    "SHELL": "/bin/bash"
  },
  "stdout": [
    [
      0.053447,
      "\u001b]0;~\u0007\r\r\n\u001b[32mbasha@msi \u001b[33m~\u001b[0m\r\r\n$ "
    ],
    [
      3.019862,
      "f"
    ],
    [
      0.78029,
      "\b\u001b[K"
    ],
    [
      0.759998,
      "c"
    ],
    [
      0.240168,
      "d"
    ],
    [
      0.080045,
      " "
    ],
    [
      1.999687,
      "$"
    ],
    [
      0.860023,
      "H"
    ],
    [
      0.280446,
      "O"
    ],
    [
      0.339853,
      "M"
    ],
    [
      0.099728,
      "E"
    ],
    [
      0.535605,
      "P"
    ],
    [
      0.084598,
      "A"
    ],
    [
      0.317122,
      "T"
    ],
    [
      0.100245,
      "H"
    ],
    [
      1.602214,
      "/"
    ],
    [
      0.320527,
      "d"
    ],
    [
      0.539646,
      "b"
    ],
    [
      0.180093,
      "w"
    ],
    [
      0.120269,
      "e"
    ],
    [
      0.279735,
      "b"
    ],
    [
      0.180143,
      "b"
    ],
    [
      0.100212,
      "-"
    ],
    [
      0.259449,
      "k"
    ],
    [
      0.260624,
      "u"
    ],
    [
      0.079665,
      "r"
    ],
    [
      0.139968,
      "s"
    ],
    [
      0.120031,
      "e"
    ],
    [
      0.140012,
      "r"
    ],
    [
      0.419893,
      "/"
    ],
    [
      0.20035,
      "d"
    ],
    [
      0.239665,
      "e"
    ],
    [
      0.480202,
      "s"
    ],
    [
      0.119601,
      "i"
    ],
    [
      0.120012,
      "g"
    ],
    [
      0.140142,
      "n"
    ],
    [
      0.620152,
      "/"
    ],
    [
      0.519495,
      "m"
    ],
    [
      0.060479,
      "e"
    ],
    [
      0.320218,
      "/"
    ],
    [
      0.619833,
      "r"
    ],
    [
      0.099745,
      "e"
    ],
    [
      0.380054,
      "d"
    ],
    [
      0.139774,
      "o"
    ],
    [
      0.319344,
      "v"
    ],
    [
      0.141149,
      "i"
    ],
    [
      0.079832,
      "s"
    ],
    [
      0.200006,
      "a"
    ],
    [
      0.46026,
      "\r\n"
    ],
    [
      0.019572,
      "\u001b]0;/cygdrive/c/Users/basha/dbwebb-kurser/design/me/redovisa\u0007\r\r\n\u001b[32mbasha@msi \u001b[33m/cygdrive/c/Users/basha/dbwebb-kurser/design/me/redovisa\u001b[0m\r\r\n$ "
    ],
    [
      1.179944,
      "l"
    ],
    [
      0.080675,
      "s"
    ],
    [
      0.239457,
      "\r\n"
    ],
    [
      0.020128,
      "build\t       composer.lock  docker-compose.yml  Makefile     src     view\r\ncache\t       config\t      htdocs\t\t  README.md    theme\r\ncomposer.json  content\t      LICENSE.txt\t  REVISION.md  vendor\r\n"
    ],
    [
      0.039473,
      "\u001b]0;/cygdrive/c/Users/basha/dbwebb-kurser/design/me/redovisa\u0007\r\r\n\u001b[32mbasha@msi \u001b[33m/cygdrive/c/Users/basha/dbwebb-kurser/design/me/redovisa\u001b[0m\r\r\n$ "
    ],
    [
      0.620354,
      "l"
    ],
    [
      0.040442,
      "s"
    ],
    [
      0.399568,
      " "
    ],
    [
      0.180551,
      "-"
    ],
    [
      0.339761,
      "l"
    ],
    [
      0.09968,
      "s"
    ],
    [
      0.36037,
      "\r\n"
    ],
    [
      0.01959,
      "total 96\r\n 0 drwxr-xr-x+ 1 basha Ingen     0 Nov 14 02:48 build\r\n 0 drwxr-xr-x+ 1 basha Ingen     0 Nov  6 14:45 cache\r\n 1 -rw-r--r--+ 1 basha Ingen   293 Nov  6 14:45 composer.json\r\n52 -rwxr-xr-x+ 1 basha Ingen 49319 Nov  8 02:32 composer.lock\r\n 4 drwxr-x"
    ],
    [
      0.000171,
      "r-x+ 1 basha Ingen     0 Nov  6 14:45 config\r\n 4 drwxr-xr-x+ 1 basha Ingen     0 Nov  9 23:51 content\r\n 1 -rw-r--r--+ 1 basha Ingen   212 Nov  6 14:45 docker-compose.yml\r\n 4 drwxr-xr-x+ 1 basha Ingen     0 Nov  8 22:29 htdocs\r\n 4 -rwxr-xr-x+ 1 basha Ingen "
    ],
    [
      0.000135,
      " 1111 Nov 12 13:18 LICENSE.txt\r\n16 -rw-r--r--+ 1 basha Ingen 12797 Nov  6 14:45 Makefile\r\n 1 -rwxr-xr-x+ 1 basha Ingen    36 Nov 12 13:17 README.md\r\n 1 -rwxr-xr-x+ 1 basha Ingen   206 Nov 12 01:01 REVISION.md\r\n 0 drwxr-xr-x+ 1 basha Ingen     0 Nov  6 14:4"
    ],
    [
      0.000113,
      "5 src\r\n 4 drwxr-xr-x+ 1 basha Ingen     0 Nov 14 03:02 theme\r\n 4 drwxr-xr-x+ 1 basha Ingen     0 Nov 14 02:48 vendor\r\n 0 drwxr-xr-x+ 1 basha Ingen     0 Nov  6 14:45 view\r\n"
    ],
    [
      0.039803,
      "\u001b]0;/cygdrive/c/Users/basha/dbwebb-kurser/design/me/redovisa\u0007\r\r\n\u001b[32mbasha@msi \u001b[33m/cygdrive/c/Users/basha/dbwebb-kurser/design/me/redovisa\u001b[0m\r\r\n$ "
    ],
    [
      3.557525,
      "e"
    ],
    [
      0.822776,
      "x"
    ],
    [
      0.219596,
      "i"
    ],
    [
      0.160206,
      "t"
    ],
    [
      0.299761,
      "\r\nexit\r\n"
    ]
  ]
}